{
  "author": "Jason Dobry",
  "name": "angular-cache",
  "description": "angular-cache is a very useful replacement for Angular's $cacheFactory.",
  "version": "3.1.1",
  "homepage": "https://github.com/jmdobry/angular-cache",
  "repository": {
    "type": "git",
    "url": "git://github.com/jmdobry/angular-cache.git"
  },
  "main": "./dist/angular-cache.min.js",
  "ignore": [
    ".idea/",
    ".*",
    "*.iml",
    "src/",
    "bower_components/",
    "coverage/",
    "Gruntfile.js",
    "package.json",
    "CONTRIBUTING.md",
    "node_modules/",
    "test/",
    "karma.conf.js",
    "karma.start.js",
    "libpeerconnection.log"
  ],
  "devDependencies": {
    "angular-1.0.4": "angular#1.0.4",
    "angular-1.0.5": "angular#1.0.5",
    "angular-1.0.6": "angular#1.0.6",
    "angular-1.0.7": "angular#1.0.7",
    "angular-1.0.8": "angular#1.0.8",
    "angular-1.1.4": "angular-unstable#1.1.4",
    "angular-1.1.5": "angular-unstable#1.1.5",
    "angular-1.2.0": "angular#1.2.0",
    "angular-1.2.1": "angular#1.2.1",
    "angular-1.2.2": "angular#1.2.2",
    "angular-1.2.3": "angular#1.2.3",
    "angular-1.2.4": "angular#1.2.4",
    "angular-1.2.5": "angular#1.2.5",
    "angular-1.2.6": "angular#1.2.6",
    "angular-1.2.7": "angular#1.2.7",
    "angular-1.2.16": "angular#1.2.16",
    "angular-mocks-1.0.4": "angular-mocks#1.0.4",
    "angular-mocks-1.0.5": "angular-mocks#1.0.5",
    "angular-mocks-1.0.6": "angular-mocks#1.0.6",
    "angular-mocks-1.0.7": "angular-mocks#1.0.7",
    "angular-mocks-1.0.8": "angular-mocks#1.0.8",
    "angular-mocks-1.1.5": "angular-mocks-unstable#1.1.5",
    "angular-mocks-1.2.0": "angular-mocks#1.2.0",
    "angular-mocks-1.2.1": "angular-mocks#1.2.1",
    "angular-mocks-1.2.2": "angular-mocks#1.2.2",
    "angular-mocks-1.2.3": "angular-mocks#1.2.3",
    "angular-mocks-1.2.4": "angular-mocks#1.2.4",
    "angular-mocks-1.2.5": "angular-mocks#1.2.5",
    "angular-mocks-1.2.6": "angular-mocks#1.2.6",
    "angular-mocks-1.2.7": "angular-mocks#1.2.7",
    "angular-mocks-1.2.16": "angular-mocks#1.2.16"
  },
  "resolutions": {
    "angular": "1.0.8"
  },
  "_release": "3.1.1",
  "_resolution": {
    "type": "version",
    "tag": "3.1.1",
    "commit": "4a9f5690b5e24ddb7a8bcd6e3a3ff02c9d5694a8"
  },
  "_source": "git://github.com/jmdobry/angular-cache.git",
  "_target": "~3.1.1",
  "_originalSource": "angular-cache",
  "_direct": true
}