{
  "name": "angular-google-maps",
  "version": "1.2.1",
  "main": "./dist/angular-google-maps.js",
  "dependencies": {
    "angular": "1.2.x",
    "lodash": "~2.4.1"
  },
  "devDependencies": {
    "angular-mocks": "1.2.x",
    "jquery": "2.1.x",
    "uuid": "http://github.com/LiosK/UUID.js/archive/v3.2.tar.gz"
  },
  "homepage": "https://github.com/nlaplante/angular-google-maps",
  "_release": "1.2.1",
  "_resolution": {
    "type": "version",
    "tag": "1.2.1",
    "commit": "fd6c9c9620f1a426eaaded765ea2f3cabad7c69a"
  },
  "_source": "git://github.com/nlaplante/angular-google-maps.git",
  "_target": "~1.2.1",
  "_originalSource": "angular-google-maps",
  "_direct": true
}